Name,Age,Salary,Department
David,37,77563,Marketing
Karen,28,111010,Management
David,57,146375,Support
Noah,60,83123,Engineering
Karen,27,62048,Marketing
Olivia,27,107697,HR
Hannah,45,120154,Support
Sophia,36,136569,Sales
Hannah,54,67826,Operations
David,53,102200,HR
Liam,53,143299,Support
Mia,24,74731,Sales
Hannah,51,31420,Engineering
Thomas,42,74421,Sales
Ivy,25,135823,HR
Hannah,23,40153,HR
Quinn,50,114167,Operations
Mia,51,141650,HR
Grace,37,124657,Marketing
Frank,24,100922,Engineering
Frank,55,51506,Support
Riley,34,40148,Support
Bob,49,74286,Engineering
Riley,28,105978,Finance
Paul,57,99247,Operations
Ivy,60,55797,HR
Mia,56,80106,HR
Eve,24,54271,Support
Quinn,31,81303,Management
Paul,32,31465,Engineering
Mia,57,79944,Operations
Alice,25,123681,Finance
Karen,46,63485,Management
Olivia,53,106658,Operations
Riley,44,133492,Marketing
Thomas,36,68477,Support
Jack,43,94997,Engineering
Liam,38,133486,Management
Eve,52,117964,Operations
Jack,27,107220,Operations
Ivy,24,135867,Operations
Paul,50,81545,HR
Jack,47,90845,Sales
Frank,22,133180,Sales
Riley,37,141403,Operations
Frank,37,115696,Support
Olivia,42,99589,Support
Ivy,54,87746,Engineering
Quinn,39,121321,Support
Alice,46,64270,Support
Olivia,57,97981,Finance
Charlie,48,112022,HR
Paul,36,104278,HR
Olivia,26,32187,Operations
David,57,92114,Engineering
Jack,30,133831,Marketing
Frank,23,43968,Operations
Quinn,42,104392,Marketing
Jack,27,102688,Operations
Riley,25,30685,Support
Jack,28,61286,Support
Jack,53,61759,Operations
Bob,25,86181,Sales
Jack,39,90450,Support
Quinn,48,49997,Sales
Riley,34,112528,Support
Alice,55,139531,Operations
David,55,128370,Support
Jack,41,112095,Engineering
Alice,37,33629,Management
David,31,69979,HR
Thomas,52,64495,Sales
Riley,58,39347,Operations
Jack,28,121258,Marketing
Noah,60,53672,Engineering
Ivy,49,77775,Finance
Bob,53,91601,Sales
Thomas,51,134835,Sales
Sophia,45,92400,Management
Quinn,42,119618,Sales
Hannah,31,117671,Sales
Charlie,37,100591,Sales
Grace,35,51144,Sales
Grace,23,114671,Finance
Mia,50,47339,Engineering
Alice,25,135315,HR
Noah,43,144653,Support
Bob,36,77487,Marketing
Ivy,47,122149,Marketing
Riley,43,148724,Engineering
Alice,55,87216,Support
Karen,44,86596,Finance
Bob,27,47088,Operations
Sophia,32,30692,Engineering
Sophia,31,135282,Management
David,31,147458,Operations
Grace,43,118794,Engineering
Karen,50,87554,Engineering
Liam,57,134274,Marketing
Grace,57,134770,Engineering
Thomas,55,101269,Marketing
Frank,56,96078,Support
Quinn,47,89590,Finance
Charlie,52,148760,HR
Karen,54,122995,Sales
Noah,44,111372,Marketing
Liam,41,82779,Management
Charlie,31,136162,HR
Alice,41,86777,Sales
Charlie,43,86188,Sales
Alice,47,118020,Support
Frank,44,57295,Marketing
Sophia,52,30640,Support
Paul,50,51407,Operations
Jack,30,107696,Operations
David,52,147699,Operations
Ivy,56,126523,Management
Sophia,49,129842,Management
Hannah,50,89982,HR
Frank,53,87880,Management
Frank,30,110137,Finance
Olivia,34,71733,HR
Karen,48,104211,Management
Mia,34,139880,HR
Alice,41,107721,Support
Liam,45,113141,Finance
Liam,32,86674,Management
Jack,48,77384,Management
Frank,34,87759,HR
Liam,37,137406,HR
Grace,30,77861,Support
David,42,107433,Marketing
Ivy,44,54728,Management
Quinn,49,124271,Engineering
Grace,34,63382,Management
Ivy,28,92578,Operations
David,46,98272,Operations
Jack,47,95796,Finance
Eve,51,75322,Support
Ivy,34,85444,Engineering
Ivy,42,100338,Finance
Paul,47,130746,Engineering
Grace,42,52486,Engineering
Liam,56,114513,Operations
Riley,46,73995,Management
Quinn,37,82974,Management
Quinn,34,83995,HR
Frank,35,112068,Operations
Riley,44,37487,Sales
Riley,37,147267,Support
Frank,45,116332,Management
Bob,33,113332,Sales
Bob,40,107174,Operations
Karen,60,52551,Marketing
Frank,27,88269,Finance
Olivia,34,130980,Marketing
Olivia,54,87931,Engineering
Alice,59,55183,Engineering
Mia,60,65750,Operations
Ivy,48,88026,Marketing
Paul,32,59920,Operations
Ivy,34,109725,Management
Alice,49,41013,Support
Hannah,43,116580,Engineering
Paul,59,119030,Marketing
Jack,31,131062,Finance
Grace,52,61691,Engineering
Thomas,23,95151,Sales
Karen,27,77330,Engineering
Charlie,28,42549,HR
Riley,41,114417,Finance
Bob,35,42200,Sales
Hannah,22,117379,Support
Sophia,40,77363,Finance
Jack,35,90274,Sales
Quinn,37,85859,Management
Alice,36,118705,Finance
Sophia,26,115644,Sales
Quinn,23,99942,Marketing
Sophia,22,125650,Engineering
Charlie,39,139614,Management
Charlie,41,84705,Management
Alice,51,55981,Support
Eve,25,46977,HR
Bob,56,41927,Operations
Bob,40,39646,Sales
Bob,46,52368,Sales
Alice,22,59393,Marketing
Karen,45,110818,Sales
Hannah,27,108048,Engineering
Jack,57,147349,HR
Riley,25,52763,Marketing
Alice,34,146733,HR
Bob,60,103652,Engineering
Grace,36,49780,Support
Noah,53,114319,Marketing
Liam,53,45327,Finance
Liam,33,137656,Management
Quinn,46,31369,Operations
Jack,51,113421,HR
Olivia,59,102078,Finance
Noah,46,123894,Finance
Charlie,44,70363,Marketing
Grace,23,137680,Marketing
Liam,26,59030,HR
David,26,93810,Management
Riley,41,129866,Sales
Frank,51,122140,HR
Frank,39,113962,Finance
Ivy,39,132436,Marketing
Liam,48,36769,HR
Charlie,29,90077,Marketing
Noah,42,96326,Management
Thomas,35,105580,Support
Olivia,49,56500,HR
David,60,54382,Operations
Noah,56,50228,Sales
Riley,37,99624,Sales
Bob,55,108352,Marketing
Mia,53,136755,Engineering
Karen,49,84318,Engineering
Paul,55,33304,Support
Charlie,37,104063,Engineering
Liam,23,63695,Operations
Olivia,27,55147,Engineering
Bob,33,80600,Marketing
Eve,59,58151,Support
Alice,36,62733,Finance
Frank,55,55951,Operations
Mia,25,147296,Engineering
Olivia,30,67566,Finance
Karen,33,138715,Engineering
Grace,25,123295,Engineering
Liam,46,117862,Operations
Grace,38,76219,Marketing
Grace,41,67238,Engineering
Bob,47,127597,Operations
Alice,26,42053,Sales
Riley,37,76156,Finance
David,31,39977,Finance
Sophia,32,33062,Marketing
Charlie,23,125753,Engineering
Paul,58,85736,HR
Ivy,38,60872,Marketing
Quinn,34,57641,Management
Noah,55,98338,Operations
David,32,78591,Operations
Alice,41,36045,Operations
Charlie,27,127184,Marketing
Hannah,46,50462,Operations
Thomas,22,93081,HR
Mia,50,103977,Support
Mia,30,47109,Operations
Riley,32,134274,HR
Karen,34,144066,Management
Alice,58,61672,Support
Olivia,31,74892,Sales
Paul,50,61623,Operations
Paul,33,98998,Engineering
Quinn,57,121212,Management
Liam,28,101037,HR
Karen,44,144273,HR
Olivia,49,96154,Engineering
Noah,47,69879,Sales
Quinn,29,117065,Sales
Eve,39,129578,Finance
Charlie,39,37929,Engineering
Riley,50,123645,Finance
Noah,34,124019,Engineering
Karen,55,142623,HR
David,26,62748,Management
Noah,35,95964,Management
Jack,46,50519,Engineering
Olivia,50,148993,Support
Thomas,28,137350,Engineering
Bob,30,121309,Marketing
Frank,49,112903,Marketing
David,25,55479,Sales
Karen,40,126463,Management
Sophia,48,134608,HR
Thomas,47,62272,HR
Frank,28,46208,Engineering
Olivia,53,38364,Finance
Bob,49,51784,Management
Karen,23,109512,Management
Charlie,56,75139,Finance
Frank,37,108140,Support
David,43,118864,Marketing
Alice,45,57229,Operations
Sophia,33,64529,Engineering
Charlie,24,77193,Operations
Bob,49,114253,Operations
David,45,134335,Management
Jack,52,62851,Marketing
Charlie,44,56563,Marketing
Frank,46,102884,Support
Bob,38,35641,Sales
Jack,39,51280,Finance
Sophia,38,139699,HR
Jack,39,106074,Sales
Alice,54,55143,Support
Karen,27,63844,Marketing
Frank,47,79491,Sales
Riley,27,72282,Management
Quinn,48,78962,Support
Mia,46,69266,Finance
Ivy,40,138457,Marketing
Eve,42,104464,Engineering
Ivy,48,51197,Marketing
Liam,38,122435,Operations
Thomas,36,33253,Support
Grace,59,36305,Operations
Bob,37,62481,Sales
David,47,92753,Operations
Karen,26,44680,Sales
Bob,36,79152,Finance
Grace,54,38016,Finance
Hannah,43,63745,Support
Frank,48,126227,HR
David,51,55585,Marketing
Ivy,40,74446,Management
Liam,48,51494,Marketing
Ivy,54,55032,Sales
Ivy,26,30046,Support
Karen,23,51114,Engineering
Jack,43,94406,Sales
Riley,43,42712,Management
Paul,25,79395,Operations
Alice,56,32854,Support
Frank,50,37933,Sales
Ivy,59,93559,Finance
Alice,56,61966,Finance
Charlie,40,49926,Support
Riley,23,58575,Engineering
Ivy,49,88900,Marketing
Quinn,59,77305,Operations
Paul,31,58567,HR
Eve,22,44807,Sales
Frank,48,98116,Finance
Bob,45,30467,Management
Jack,42,105909,Finance
Alice,29,68681,Sales
Charlie,42,76312,Operations
Paul,37,80670,Finance
Mia,52,118415,Support
Mia,60,83699,Operations
Grace,25,33778,Operations
Sophia,54,104921,Marketing
Noah,45,84225,Engineering
Noah,24,47070,Finance
Sophia,35,95976,Support
Karen,42,74589,Support
Hannah,26,64384,Sales
Mia,29,129798,Operations
Mia,44,36530,Management
Noah,32,74864,Engineering
Hannah,35,123284,Operations
Ivy,55,114002,HR
Grace,43,106913,Engineering
Hannah,37,142893,Operations
Jack,57,59905,Engineering
Grace,55,67173,Engineering
Alice,43,146180,Finance
Grace,40,95206,Finance
David,36,140591,Operations
Jack,35,34820,Finance
Quinn,27,63534,Management
Liam,46,124257,Finance
Charlie,25,75806,HR
Noah,52,98647,Operations
Alice,27,30355,Marketing
Thomas,23,42799,Operations
Charlie,53,35069,HR
Hannah,23,122894,Support
Thomas,51,83825,Management
Hannah,40,136505,Management
Thomas,54,63601,Support
Thomas,25,121390,Finance
Hannah,43,35521,Finance
David,38,148138,Operations
Mia,42,94823,Operations
Olivia,29,108708,Engineering
Noah,43,133531,Support
Thomas,50,54423,Support
Liam,34,54170,Finance
Bob,44,35382,HR
Hannah,45,48509,Operations
Quinn,25,114224,Engineering
Paul,55,122430,Marketing
Hannah,57,105657,Management
Eve,42,83288,Sales
Eve,49,84336,Operations
Charlie,37,144469,HR
Bob,22,109646,Engineering
Riley,27,37977,Sales
Liam,39,70815,HR
Ivy,37,114093,Finance
Liam,38,96060,Marketing
Ivy,37,103672,Finance
Mia,58,135335,Finance
Jack,43,51254,Management
Mia,34,138823,Engineering
Olivia,39,48116,Finance
Mia,23,34870,HR
Eve,54,54406,Management
Thomas,60,144081,Sales
Liam,36,67009,HR
Riley,31,103329,Engineering
Liam,27,64278,Marketing
Riley,46,83043,Operations
Sophia,26,107517,Engineering
Thomas,44,54507,HR
Thomas,44,110005,Engineering
Ivy,31,96020,Engineering
Riley,30,85926,Marketing
Eve,27,129463,Finance
Thomas,41,36490,Support
Sophia,33,89944,Operations
Quinn,50,49156,HR
David,30,51923,Finance
Ivy,45,134821,Engineering
Sophia,22,61240,Management
Bob,46,141939,Management
Hannah,23,103577,Marketing
Jack,29,132595,Engineering
Jack,45,38678,Engineering
David,29,93083,Finance
Karen,31,123254,HR
Thomas,36,89114,Engineering
Thomas,60,116500,Operations
Thomas,48,148283,HR
Ivy,49,147018,HR
Hannah,52,149450,Support
Charlie,27,74281,Marketing
Mia,53,98957,Operations
David,24,116869,Management
Liam,53,75899,Management
Mia,23,30257,Operations
Bob,57,37605,Operations
Sophia,56,103240,HR
Sophia,22,109546,Engineering
Paul,47,79523,Finance
Thomas,50,114120,Support
Karen,47,74064,Operations
Grace,59,80756,HR
David,29,46185,Management
Karen,22,121000,Support
Jack,57,86734,Marketing
Karen,38,125637,Management
Riley,40,90997,HR
Bob,58,44331,Sales
Eve,31,133163,Marketing
Paul,58,55908,Sales
Quinn,48,65772,Engineering
Sophia,44,56396,Support
Olivia,34,147350,Operations
Karen,39,88976,Operations
Olivia,60,88438,Finance
Quinn,35,98447,HR
Hannah,25,115159,Engineering
Bob,31,43815,Operations
Alice,44,45289,Finance
Thomas,37,85537,Marketing
Quinn,55,55901,Management
Noah,51,85216,Sales
Karen,48,140980,Operations
Frank,42,93724,HR
Liam,27,118063,Finance
Ivy,34,120945,Finance
Grace,44,90302,HR
David,51,133183,Sales
Karen,55,37051,HR
Jack,46,41533,Management
Sophia,37,134228,Finance
Bob,48,58121,Support
David,28,95636,Engineering
Hannah,55,90450,HR
Riley,41,121469,HR
Hannah,49,95023,Engineering
David,37,137497,Engineering
Sophia,39,134528,Marketing
Quinn,32,91312,Management
Grace,47,36060,HR
Olivia,40,78951,Sales
Noah,23,33117,Sales
Paul,54,41319,Operations
David,32,103721,HR
Hannah,59,34011,Support
Grace,55,30841,Support
Karen,54,109346,Finance
Ivy,56,142437,Marketing
Quinn,58,93214,Engineering
Eve,54,103042,HR
Jack,42,35982,Support
Hannah,50,119464,Engineering
Grace,53,126686,Sales
Grace,42,57802,Marketing
Jack,51,101742,Engineering
Paul,34,91224,HR
Eve,56,116155,Operations
